Date,stock,Open,High,Low,Close,Adj Close,Volume
2023-01-03,AAPL,282.391,283.0209,281.1706,281.9575,281.9575,40952895
2023-01-04,AAPL,281.9575,284.9925,281.4189,283.1226,283.1226,1824471
2023-01-05,AAPL,283.1226,287.8614,281.5719,286.5154,286.5154,34279858
2023-01-06,AAPL,286.5154,287.8433,285.6253,286.9491,286.9491,42289812
2023-01-09,AAPL,286.9491,287.9663,282.3321,284.1551,284.1551,48415313
2023-01-10,AAPL,284.1551,284.9975,281.7555,283.3239,283.3239,36754417
2023-01-11,AAPL,283.3239,284.947,282.2712,284.5695,284.5695,43372680
2023-01-12,AAPL,284.5695,287.135,284.4359,286.1104,286.1104,25877733
2023-01-13,AAPL,286.1104,290.7533,284.9762,290.7417,290.7417,45252897
2023-01-16,AAPL,290.7417,291.1318,281.811,282.8367,282.8367,28066854
2023-01-17,AAPL,282.8367,285.8799,282.3438,285.2777,285.2777,42074829
2023-01-18,AAPL,285.2777,288.2519,284.4776,287.6386,287.6386,9767314
2023-01-19,AAPL,287.6386,293.7162,286.7994,292.4253,292.4253,30778668
2023-01-20,AAPL,292.4253,296.7655,292.0051,296.2352,296.2352,37267164
2023-01-23,AAPL,296.2352,300.9992,294.8926,296.9231,296.9231,1753123
2023-01-24,AAPL,296.9231,297.2899,293.6669,295.3348,295.3348,44067522
2023-01-25,AAPL,295.3348,296.8966,293.433,293.9104,293.9104,6808898
2023-01-26,AAPL,293.9104,294.3391,289.9355,293.2223,293.2223,33139857
2023-01-27,AAPL,293.2223,293.7917,283.3617,283.367,283.367,43305206
2023-01-30,AAPL,283.367,288.3595,283.2993,287.1917,287.1917,5250542
2023-01-31,AAPL,287.1917,287.3524,285.8758,286.0256,286.0256,7064674
2023-02-01,AAPL,286.0256,286.3867,284.1449,285.2191,285.2191,44424697
2023-02-02,AAPL,285.2191,286.7174,277.5081,279.9557,279.9557,11046837
2023-02-03,AAPL,279.9557,281.7168,277.9547,281.0068,281.0068,22683851
2023-02-06,AAPL,281.0068,289.4089,280.7705,288.5306,288.5306,15306147
2023-02-07,AAPL,288.5306,289.3187,284.0043,284.259,284.259,28166560
2023-02-08,AAPL,284.259,296.8892,281.9759,296.4429,296.4429,38257805
2023-02-09,AAPL,296.4429,299.5536,294.8721,298.0793,298.0793,30530556
2023-02-10,AAPL,298.0793,300.4653,291.0896,291.381,291.381,32391144
2023-02-13,AAPL,291.381,299.9268,290.4282,299.417,299.417,49986027
2023-02-14,AAPL,299.417,300.4875,297.0845,298.3525,298.3525,3810664
2023-02-15,AAPL,298.3525,298.3996,297.5136,298.0328,298.0328,11823062
2023-02-16,AAPL,298.0328,304.8096,297.5661,303.5194,303.5194,44320935
2023-02-17,AAPL,303.5194,305.5211,296.4143,296.432,296.432,44040760
2023-02-20,AAPL,296.432,306.1254,293.8743,305.2413,305.2413,40152642
2023-02-21,AAPL,305.2413,308.7462,303.4995,308.5977,308.5977,6908294
2023-02-22,AAPL,308.5977,309.1381,303.2325,304.5209,304.5209,29733032
2023-02-23,AAPL,304.5209,304.5593,301.7536,302.5746,302.5746,46099623
2023-02-24,AAPL,302.5746,304.0481,301.8108,302.5095,302.5095,42614520
2023-02-27,AAPL,302.5095,312.422,301.6498,311.4804,311.4804,11589490
2023-02-28,AAPL,311.4804,311.585,310.5713,311.1729,311.1729,14193041
2023-03-01,AAPL,311.1729,311.4449,307.3216,310.9873,310.9873,13294571
2023-03-02,AAPL,310.9873,319.9967,310.0845,319.7612,319.7612,20534575
2023-03-03,AAPL,319.7612,320.8361,315.1689,317.5021,317.5021,43058790
2023-03-06,AAPL,317.5021,318.7056,313.6887,314.7122,314.7122,39371327
2023-03-07,AAPL,314.7122,316.7324,310.5902,313.553,313.553,14941678
2023-03-08,AAPL,313.553,315.258,303.159,304.3943,304.3943,37349224
2023-03-09,AAPL,304.3943,305.5116,294.0306,297.0227,297.0227,4925000
2023-03-10,AAPL,297.0227,302.9811,296.7443,302.371,302.371,18684236
2023-03-13,AAPL,302.371,304.6933,296.1265,297.8228,297.8228,17798483
2023-03-14,AAPL,297.8228,303.0625,296.8837,301.7012,301.7012,1452707
2023-03-15,AAPL,301.7012,301.7383,297.884,298.3634,298.3634,9272552
2023-03-16,AAPL,298.3634,310.1894,298.0133,307.4805,307.4805,16535036
2023-03-17,AAPL,307.4805,315.3639,306.4908,313.0693,313.0693,15798918
2023-03-20,AAPL,313.0693,315.5675,311.092,312.0207,312.0207,45786230
2023-03-21,AAPL,312.0207,315.9402,310.6629,315.1392,315.1392,30526634
2023-03-22,AAPL,315.1392,315.6632,307.54,310.8874,310.8874,32022181
2023-03-23,AAPL,310.8874,313.1823,310.6071,311.3337,311.3337,25000857
2023-03-24,AAPL,311.3337,312.9544,305.0551,305.7343,305.7343,18412633
2023-03-27,AAPL,305.7343,310.9279,304.9348,310.0313,310.0313,17596242
2023-03-28,AAPL,310.0313,310.4529,306.5478,307.5139,307.5139,11689310
2023-03-29,AAPL,307.5139,308.1925,305.6958,306.2299,306.2299,34672821
2023-03-30,AAPL,306.2299,313.8154,304.4241,313.546,313.546,32888211
2023-03-31,AAPL,313.546,318.4963,311.8181,316.1768,316.1768,37993940
2023-04-03,AAPL,316.1768,316.3195,311.1634,312.1226,312.1226,10651356
2023-04-04,AAPL,312.1226,318.4891,311.4271,317.9991,317.9991,19243040
2023-04-05,AAPL,317.9991,318.3768,317.7082,318.3358,318.3358,42156770
2023-04-06,AAPL,318.3358,330.4302,317.0862,328.3932,328.3932,36792879
2023-04-07,AAPL,328.3932,328.5489,324.6028,325.8662,325.8662,30008141
2023-04-10,AAPL,325.8662,328.8984,324.093,328.3125,328.3125,12586908
2023-04-11,AAPL,328.3125,331.659,328.2282,328.8163,328.8163,10710390
2023-04-12,AAPL,328.8163,331.8094,328.2615,330.2033,330.2033,9590986
2023-04-13,AAPL,330.2033,333.3075,327.8668,331.1302,331.1302,16495402
2023-04-14,AAPL,331.1302,338.7194,330.5956,336.7059,336.7059,32358511
2023-04-17,AAPL,336.7059,343.2116,335.1717,342.0424,342.0424,49031986
2023-04-18,AAPL,342.0424,351.8668,341.3826,350.9258,350.9258,3757935
2023-04-19,AAPL,350.9258,355.2208,349.6981,352.2774,352.2774,27914225
2023-04-20,AAPL,352.2774,352.9302,346.333,347.2386,347.2386,22265216
2023-04-21,AAPL,347.2386,347.5185,340.0531,343.2962,343.2962,8100793
2023-04-24,AAPL,343.2962,351.0496,343.2528,350.4285,350.4285,19475034
2023-04-25,AAPL,350.4285,357.8467,350.2928,356.3681,356.3681,15421825
2023-04-26,AAPL,356.3681,358.3693,343.0498,346.6288,346.6288,24264346
2023-04-27,AAPL,346.6288,347.6841,334.0629,335.5799,335.5799,8326075
2023-04-28,AAPL,335.5799,336.6312,331.818,332.2408,332.2408,43003897
2023-05-01,AAPL,332.2408,332.4499,328.3299,329.0034,329.0034,46720686
2023-05-02,AAPL,329.0034,329.5505,322.98,323.5293,323.5293,1858553
2023-05-03,AAPL,323.5293,325.1292,312.3331,316.6696,316.6696,38184347
2023-05-04,AAPL,316.6696,317.6516,314.3163,314.5494,314.5494,30702292
2023-05-05,AAPL,314.5494,321.0051,313.6268,319.8657,319.8657,41568283
2023-05-08,AAPL,319.8657,323.5506,316.8261,320.8052,320.8052,23076450
2023-05-09,AAPL,320.8052,323.4533,320.3631,322.8239,322.8239,34638144
2023-05-10,AAPL,322.8239,329.3796,322.7176,326.8298,326.8298,41997379
2023-05-11,AAPL,326.8298,327.9366,323.3707,324.0654,324.0654,9825839
2023-05-12,AAPL,324.0654,325.3303,322.3166,322.3968,322.3968,30471909
2023-05-15,AAPL,322.3968,322.8126,317.6033,318.0796,318.0796,13723216
2023-05-16,AAPL,318.0796,320.4996,315.5499,320.124,320.124,28160608
2023-05-17,AAPL,320.124,320.8038,310.921,312.1936,312.1936,9821896
2023-05-18,AAPL,312.1936,317.8578,309.9902,315.8506,315.8506,15682697
2023-05-19,AAPL,315.8506,324.3528,315.1885,323.7837,323.7837,42975806
2023-05-22,AAPL,323.7837,325.7111,319.8854,321.3046,321.3046,12142156
2023-05-23,AAPL,321.3046,323.0614,316.9249,317.561,317.561,16794413
2023-05-24,AAPL,317.561,321.7277,315.3398,315.5303,315.5303,41912276
2023-05-25,AAPL,315.5303,316.8315,311.7568,314.7252,314.7252,49132417
2023-05-26,AAPL,314.7252,320.5936,314.6422,318.5991,318.5991,24222776
2023-05-29,AAPL,318.5991,325.8238,317.4632,323.4445,323.4445,4826768
2023-05-30,AAPL,323.4445,325.2625,315.4237,315.4325,315.4325,15786695
2023-05-31,AAPL,315.4325,316.0256,308.7157,311.5323,311.5323,25564066
2023-06-01,AAPL,311.5323,319.3822,309.8979,317.9454,317.9454,18952235
2023-06-02,AAPL,317.9454,319.5662,317.2648,317.9311,317.9311,37419437
2023-06-05,AAPL,317.9311,324.3346,317.8816,323.1539,323.1539,9545194
2023-06-06,AAPL,323.1539,323.5946,322.4377,323.0674,323.0674,28038621
2023-06-07,AAPL,323.0674,324.9286,321.7722,323.2341,323.2341,19860709
2023-06-08,AAPL,323.2341,323.5868,318.0299,318.5001,318.5001,23117926
2023-06-09,AAPL,318.5001,319.9189,307.3322,308.3761,308.3761,44850976
2023-06-12,AAPL,308.3761,314.77,308.3008,314.0192,314.0192,6368805
2023-06-13,AAPL,314.0192,315.9643,312.6518,312.7129,312.7129,48736820
2023-06-14,AAPL,312.7129,314.7715,311.3872,314.6615,314.6615,41870110
2023-06-15,AAPL,314.6615,315.6661,309.8623,310.0168,310.0168,9341284
2023-06-16,AAPL,310.0168,311.1178,306.9742,308.99,308.99,37451925
2023-06-19,AAPL,308.99,311.2089,302.4859,305.5882,305.5882,4585853
2023-06-20,AAPL,305.5882,307.7212,303.5405,306.9848,306.9848,12890538
2023-06-21,AAPL,306.9848,309.7207,305.3336,309.3297,309.3297,19380568
2023-06-22,AAPL,309.3297,321.5721,307.7489,320.0565,320.0565,22297547
2023-06-23,AAPL,320.0565,329.4759,319.8396,327.7676,327.7676,6043634
2023-06-26,AAPL,327.7676,329.2863,326.309,327.9474,327.9474,48774350
2023-06-27,AAPL,327.9474,328.9456,326.3609,326.668,326.668,40212173
2023-06-28,AAPL,326.668,326.6853,324.2222,325.5167,325.5167,20387793
2023-06-29,AAPL,325.5167,329.6944,325.1914,328.3754,328.3754,6276766
2023-06-30,AAPL,328.3754,329.4492,324.6109,324.8891,324.8891,49352712
2023-07-03,AAPL,324.8891,325.0238,322.4652,323.2903,323.2903,23577302
2023-07-04,AAPL,323.2903,331.2686,321.0706,330.4758,330.4758,33101108
2023-07-05,AAPL,330.4758,332.4287,330.4561,330.8792,330.8792,4044820
2023-07-06,AAPL,330.8792,333.2062,329.9866,330.944,330.944,41444877
2023-07-07,AAPL,330.944,333.7647,329.9821,332.9966,332.9966,21905114
2023-07-10,AAPL,332.9966,335.6439,328.2187,335.3386,335.3386,13563690
2023-07-11,AAPL,335.3386,343.6315,335.1496,340.766,340.766,3437199
2023-07-12,AAPL,340.766,350.1958,340.7623,348.869,348.869,30194265
2023-07-13,AAPL,348.869,357.5333,348.7877,357.3844,357.3844,41436305
2023-07-14,AAPL,357.3844,365.8505,355.8197,364.6444,364.6444,28777385
2023-07-17,AAPL,364.6444,368.4979,360.7842,367.3516,367.3516,36838301
2023-07-18,AAPL,367.3516,370.0703,364.0918,367.0582,367.0582,9737267
2023-07-19,AAPL,367.0582,368.3404,358.6539,362.0744,362.0744,39463133
2023-07-20,AAPL,362.0744,363.9143,352.1294,356.1031,356.1031,20289036
2023-07-21,AAPL,356.1031,356.8722,353.9107,355.6115,355.6115,33740157
2023-07-24,AAPL,355.6115,366.9446,351.8497,366.5986,366.5986,37255388
2023-07-25,AAPL,366.5986,367.8193,355.8317,357.026,357.026,28146955
2023-07-26,AAPL,357.026,357.1337,351.2561,356.5984,356.5984,48143222
2023-07-27,AAPL,356.5984,358.9261,356.5956,357.8231,357.8231,10012788
2023-07-28,AAPL,357.8231,360.2869,357.6326,358.4145,358.4145,27480595
2023-07-31,AAPL,358.4145,361.2026,355.883,360.1758,360.1758,2961531
2023-08-01,AAPL,360.1758,365.3681,358.0656,365.2379,365.2379,18189440
2023-08-02,AAPL,365.2379,365.6987,363.1639,364.0346,364.0346,3016506
2023-08-03,AAPL,364.0346,366.1973,355.9618,358.925,358.925,29616378
2023-08-04,AAPL,358.925,360.7206,350.3212,351.0125,351.0125,38526193
2023-08-07,AAPL,351.0125,351.679,342.7056,343.9787,343.9787,36294159
2023-08-08,AAPL,343.9787,344.903,340.5038,341.7237,341.7237,33626831
2023-08-09,AAPL,341.7237,343.7681,336.2186,337.7116,337.7116,42602443
2023-08-10,AAPL,337.7116,345.7857,335.4255,342.4006,342.4006,15607992
2023-08-11,AAPL,342.4006,346.1548,341.7377,344.4142,344.4142,21325689
2023-08-14,AAPL,344.4142,345.0465,342.4573,342.9919,342.9919,37904742
2023-08-15,AAPL,342.9919,350.2131,342.0631,347.457,347.457,32929640
2023-08-16,AAPL,347.457,347.8717,342.6751,344.194,344.194,18822964
2023-08-17,AAPL,344.194,347.2014,343.8745,345.9279,345.9279,21934119
2023-08-18,AAPL,345.9279,347.2919,340.8948,342.3021,342.3021,47639789
2023-08-21,AAPL,342.3021,347.9631,336.7546,347.7188,347.7188,29996354
2023-08-22,AAPL,347.7188,350.9436,347.55,349.4133,349.4133,30269460
2023-08-23,AAPL,349.4133,359.9395,346.8305,356.8889,356.8889,10888024
2023-08-24,AAPL,356.8889,357.7583,347.9935,350.167,350.167,11736717
2023-08-25,AAPL,350.167,350.5857,341.4584,342.354,342.354,10708524
2023-08-28,AAPL,342.354,345.8237,340.6685,344.907,344.907,10347286
2023-08-29,AAPL,344.907,347.5061,340.9144,344.3639,344.3639,6838639
2023-08-30,AAPL,344.3639,345.8662,338.5868,340.4736,340.4736,22253013
2023-08-31,AAPL,340.4736,341.4786,336.1956,337.3107,337.3107,13677147
2023-09-01,AAPL,337.3107,338.7302,336.5685,337.9346,337.9346,10859020
2023-09-04,AAPL,337.9346,350.6023,337.2877,347.9477,347.9477,38036529
2023-09-05,AAPL,347.9477,353.2144,347.2877,352.6881,352.6881,12098773
2023-09-06,AAPL,352.6881,354.0382,346.0773,347.6893,347.6893,15669076
2023-09-07,AAPL,347.6893,351.7656,347.1001,350.1943,350.1943,23958706
2023-09-08,AAPL,350.1943,363.1315,347.6346,362.9456,362.9456,38433882
2023-09-11,AAPL,362.9456,364.0699,361.9959,362.7165,362.7165,39486757
2023-09-12,AAPL,362.7165,364.1846,356.775,358.5467,358.5467,8189266
2023-09-13,AAPL,358.5467,369.9867,358.3054,366.6793,366.6793,30449026
2023-09-14,AAPL,366.6793,369.1563,363.6665,364.9677,364.9677,25829725
2023-09-15,AAPL,364.9677,365.8654,358.9906,359.309,359.309,41669345
2023-09-18,AAPL,359.309,361.2359,357.8035,359.1666,359.1666,1092585
2023-09-19,AAPL,359.1666,359.6217,347.549,348.7604,348.7604,37199211
2023-09-20,AAPL,348.7604,349.9025,339.3422,340.7743,340.7743,4136082
2023-09-21,AAPL,340.7743,352.6256,339.3868,349.0952,349.0952,1286651
2023-09-22,AAPL,349.0952,352.8356,348.4186,351.8525,351.8525,1914486
2023-09-25,AAPL,351.8525,356.438,349.913,353.4556,353.4556,32651430
2023-09-26,AAPL,353.4556,354.8618,346.2828,347.8348,347.8348,15446721
2023-09-27,AAPL,347.8348,354.0707,347.4862,353.7381,353.7381,3704909
2023-09-28,AAPL,353.7381,357.9575,353.5959,354.3814,354.3814,32622322
2023-09-29,AAPL,354.3814,356.9223,347.197,348.0745,348.0745,4083570
2023-10-02,AAPL,348.0745,349.0575,347.4036,347.9188,347.9188,26754697
2023-10-03,AAPL,347.9188,347.9272,342.1117,343.603,343.603,29081710
2023-10-04,AAPL,343.603,343.7019,332.9087,333.6248,333.6248,38947942
2023-10-05,AAPL,333.6248,333.8544,327.9298,331.1145,331.1145,44145723
2023-10-06,AAPL,331.1145,331.5974,326.2192,329.5056,329.5056,16847543
2023-10-09,AAPL,329.5056,338.4838,326.5699,338.4748,338.4748,16242768
2023-10-10,AAPL,338.4748,340.1456,337.4187,340.034,340.034,16006718
2023-10-11,AAPL,340.034,341.948,340.0117,340.4206,340.4206,17706127
2023-10-12,AAPL,340.4206,348.0591,339.9938,347.5089,347.5089,43870054
2023-10-13,AAPL,347.5089,354.8428,346.3497,352.6823,352.6823,33629747
2023-10-16,AAPL,352.6823,357.3982,350.6615,354.6892,354.6892,27322170
2023-10-17,AAPL,354.6892,355.1576,346.4096,348.029,348.029,22694286
2023-10-18,AAPL,348.029,358.9398,345.2119,356.4047,356.4047,8133551
2023-10-19,AAPL,356.4047,356.9167,350.8827,351.9752,351.9752,46614391
2023-10-20,AAPL,351.9752,361.3399,349.8839,358.1824,358.1824,16010965
2023-10-23,AAPL,358.1824,359.4924,354.1465,356.5056,356.5056,19444814
2023-10-24,AAPL,356.5056,359.8365,353.6798,357.769,357.769,37856088
2023-10-25,AAPL,357.769,359.8763,356.8648,357.9341,357.9341,1721973
2023-10-26,AAPL,357.9341,365.8209,356.2746,364.8449,364.8449,30323197
2023-10-27,AAPL,364.8449,375.3515,363.7278,372.2927,372.2927,7585298
2023-10-30,AAPL,372.2927,374.5465,369.0994,370.8478,370.8478,23284845
2023-10-31,AAPL,370.8478,371.1785,364.1022,364.1753,364.1753,43639441
2023-11-01,AAPL,364.1753,365.4218,360.5738,360.7523,360.7523,15834988
2023-11-02,AAPL,360.7523,370.3864,358.0331,366.1981,366.1981,14154471
2023-11-03,AAPL,366.1981,368.0635,358.5394,360.2298,360.2298,9559516
2023-11-06,AAPL,360.2298,361.2912,356.4485,356.5844,356.5844,4041584
2023-11-07,AAPL,356.5844,359.1819,354.2133,359.1716,359.1716,8253627
2023-11-08,AAPL,359.1716,363.1887,357.0853,363.0926,363.0926,30247683
2023-11-09,AAPL,363.0926,363.1544,352.0698,354.366,354.366,34160192
2023-11-10,AAPL,354.366,355.5761,352.8239,355.2215,355.2215,37210223
2023-11-13,AAPL,355.2215,356.5098,348.7386,349.7354,349.7354,36118937
2023-11-14,AAPL,349.7354,351.9643,338.9375,339.9987,339.9987,30968077
2023-11-15,AAPL,339.9987,343.1213,338.1913,342.8451,342.8451,39765523
2023-11-16,AAPL,342.8451,344.5168,341.2931,342.1247,342.1247,9827621
2023-11-17,AAPL,342.1247,350.3535,340.5431,349.7035,349.7035,29148915
2023-11-20,AAPL,349.7035,350.5398,347.3203,348.1448,348.1448,22063873
2023-11-21,AAPL,348.1448,351.4052,346.6101,349.5505,349.5505,28271220
2023-11-22,AAPL,349.5505,354.4466,347.8278,352.8821,352.8821,39424515
2023-11-23,AAPL,352.8821,352.9113,347.5822,350.0622,350.0622,15057797
2023-11-24,AAPL,350.0622,355.7122,346.7213,354.3023,354.3023,49012633
2023-11-27,AAPL,354.3023,355.5816,348.6187,349.0628,349.0628,4368176
2023-11-28,AAPL,349.0628,349.4249,335.8177,336.7346,336.7346,17768754
2023-11-29,AAPL,336.7346,339.5314,335.7413,338.5146,338.5146,37007633
2023-11-30,AAPL,338.5146,343.5021,337.6801,342.1872,342.1872,8378407
2023-12-01,AAPL,342.1872,343.4575,336.4642,336.589,336.589,4485347
2023-12-04,AAPL,336.589,337.4531,329.783,331.8159,331.8159,9250867
2023-12-05,AAPL,331.8159,334.6066,331.7954,333.9348,333.9348,20180984
2023-12-06,AAPL,333.9348,334.9699,325.5512,326.2155,326.2155,14724014
2023-12-07,AAPL,326.2155,328.9102,324.8909,326.5824,326.5824,9953656
2023-12-08,AAPL,326.5824,327.6902,320.7148,321.7449,321.7449,35623893
2023-12-11,AAPL,321.7449,326.1029,319.4766,325.8416,325.8416,45681707
2023-12-12,AAPL,325.8416,328.4224,325.4707,328.0665,328.0665,7160465
2023-12-13,AAPL,328.0665,329.0673,324.4574,324.5279,324.5279,7372275
2023-12-14,AAPL,324.5279,325.9191,322.6544,325.3381,325.3381,48504478
2023-12-15,AAPL,325.3381,326.2568,312.6469,314.5534,314.5534,31144287
2023-12-18,AAPL,314.5534,315.7636,313.6061,315.1789,315.1789,49394611
2023-12-19,AAPL,315.1789,317.8111,312.1719,314.8709,314.8709,29324977
2023-12-20,AAPL,314.8709,320.0733,313.2885,319.5341,319.5341,42848787
2023-12-21,AAPL,319.5341,320.4296,317.768,318.7767,318.7767,21607832
2023-12-22,AAPL,318.7767,319.0383,317.5582,317.9498,317.9498,5178436
2023-12-25,AAPL,317.9498,320.0853,312.6269,315.1874,315.1874,6172707
2023-12-26,AAPL,315.1874,327.6876,313.1009,326.9562,326.9562,29980720
2023-12-27,AAPL,326.9562,331.6622,324.9734,329.4531,329.4531,3632052
2023-12-28,AAPL,329.4531,329.7758,327.4171,328.8386,328.8386,40580092
2023-12-29,AAPL,328.8386,329.86,319.319,321.125,321.125,45289247
2024-01-01,AAPL,321.125,321.7757,319.9662,320.7272,320.7272,48217785
2024-01-02,AAPL,320.7272,326.2962,319.9408,325.6652,325.6652,34616327
2024-01-03,AAPL,325.6652,334.7593,324.7663,333.003,333.003,37024003
2024-01-04,AAPL,333.003,334.3069,329.8748,330.1842,330.1842,38405965
2024-01-05,AAPL,330.1842,330.2928,324.9914,325.2684,325.2684,49816457
2024-01-08,AAPL,325.2684,327.941,324.7475,327.1866,327.1866,16804284
2024-01-09,AAPL,327.1866,328.3583,325.7916,326.2628,326.2628,37752352
2024-01-10,AAPL,326.2628,336.7777,325.2305,334.5327,334.5327,8639163
2024-01-11,AAPL,334.5327,336.5798,332.4233,336.4319,336.4319,2469308
2024-01-12,AAPL,336.4319,337.3302,335.642,336.9436,336.9436,32376690
2024-01-15,AAPL,336.9436,342.7823,335.7928,341.6001,341.6001,21095164
2024-01-16,AAPL,341.6001,346.2258,341.417,345.5506,345.5506,48463873
2024-01-17,AAPL,345.5506,345.6052,344.2028,345.0182,345.0182,16921132
2024-01-18,AAPL,345.0182,347.1466,342.1089,346.0003,346.0003,30864955
2024-01-19,AAPL,346.0003,348.1261,342.7927,343.4837,343.4837,17854819
2024-01-22,AAPL,343.4837,351.6038,342.3261,348.5078,348.5078,37487652
2024-01-23,AAPL,348.5078,362.1133,345.8602,358.5352,358.5352,41810770
2024-01-24,AAPL,358.5352,363.5955,354.3225,363.5798,363.5798,37567388
2024-01-25,AAPL,363.5798,368.119,362.9183,366.0129,366.0129,34844565
2024-01-26,AAPL,366.0129,369.4194,362.4944,363.7527,363.7527,35683439
2024-01-29,AAPL,363.7527,375.4083,360.1373,373.2999,373.2999,7387376
2024-01-30,AAPL,373.2999,376.2732,368.4815,368.5629,368.5629,43436877
2024-01-31,AAPL,368.5629,373.3891,367.1308,370.7379,370.7379,38170267
2024-02-01,AAPL,370.7379,371.0577,364.1049,367.6895,367.6895,41179507
2024-02-02,AAPL,367.6895,367.7031,365.5483,365.857,365.857,45455827
2024-02-05,AAPL,365.857,367.6827,365.3335,367.1974,367.1974,40197609
2024-02-06,AAPL,367.1974,367.7805,366.33,366.6714,366.6714,30656973
2024-02-07,AAPL,366.6714,367.63,362.1061,363.1141,363.1141,19000692
2024-02-08,AAPL,363.1141,363.8201,362.5184,363.268,363.268,4065037
2024-02-09,AAPL,363.268,366.2574,359.8091,360.4993,360.4993,30594351
2024-02-12,AAPL,360.4993,366.064,357.0829,365.0939,365.0939,39896149
2024-02-13,AAPL,365.0939,366.6914,361.2107,363.0143,363.0143,24491944
2024-02-14,AAPL,363.0143,373.9056,361.9239,371.3598,371.3598,36324991
2024-02-15,AAPL,371.3598,374.7229,365.7239,366.3682,366.3682,26380905
2024-02-16,AAPL,366.3682,375.4997,362.3361,374.2667,374.2667,39799662
2024-02-19,AAPL,374.2667,376.4088,373.1218,375.663,375.663,45538313
2024-02-20,AAPL,375.663,377.8129,372.973,374.0931,374.0931,43825587
2024-02-21,AAPL,374.0931,376.0687,373.6688,374.2071,374.2071,28802922
2024-02-22,AAPL,374.2071,376.9388,372.716,376.6248,376.6248,43905439
2024-02-23,AAPL,376.6248,377.3457,354.3186,358.9315,358.9315,11754198
2024-02-26,AAPL,358.9315,359.3646,350.7966,350.8104,350.8104,21893624
2024-02-27,AAPL,350.8104,357.1056,350.5433,356.264,356.264,3123771
2024-02-28,AAPL,356.264,360.5548,350.5996,360.5246,360.5246,28937117
2024-02-29,AAPL,360.5246,364.673,359.545,361.5806,361.5806,2502681
2024-03-01,AAPL,361.5806,370.2596,357.68,367.8037,367.8037,7082102
2024-03-04,AAPL,367.8037,375.4457,367.1856,375.3662,375.3662,7286568
2024-03-05,AAPL,375.3662,376.215,363.6955,364.902,364.902,6445626
2024-03-06,AAPL,364.902,372.5327,362.836,371.1119,371.1119,24411754
2024-03-07,AAPL,371.1119,375.5837,370.1456,374.3602,374.3602,25232245
2024-03-08,AAPL,374.3602,377.1698,362.807,364.1471,364.1471,39475100
2024-03-11,AAPL,364.1471,364.8538,362.848,363.438,363.438,48079759
2024-03-12,AAPL,363.438,371.3117,363.0045,369.6991,369.6991,5157845
2024-03-13,AAPL,369.6991,370.0471,364.4102,364.9975,364.9975,15605550
2024-03-14,AAPL,364.9975,379.27,363.9103,378.1989,378.1989,6713598
2024-03-15,AAPL,378.1989,389.8089,377.9483,389.1329,389.1329,39325075
2024-03-18,AAPL,389.1329,398.9849,388.842,398.7755,398.7755,40093401
2024-03-19,AAPL,398.7755,407.1639,398.6672,405.9761,405.9761,36249628
2024-03-20,AAPL,405.9761,422.1034,405.7391,421.4346,421.4346,48097447
2024-03-21,AAPL,421.4346,425.2816,420.172,422.5132,422.5132,44244241
2024-03-22,AAPL,422.5132,425.0142,411.7007,412.7693,412.7693,39081794
2024-03-25,AAPL,412.7693,416.4205,411.3177,412.423,412.423,16236007
2023-01-03,MSFT,125.7111,129.0261,125.6934,128.3034,128.3034,28513183
2023-01-04,MSFT,128.3034,129.0251,126.8187,127.4517,127.4517,42850782
2023-01-05,MSFT,127.4517,131.9319,126.9575,131.7965,131.7965,16162250
2023-01-06,MSFT,131.7965,132.9195,130.8778,132.6078,132.6078,12182938
2023-01-09,MSFT,132.6078,135.0409,132.3577,134.8313,134.8313,34944333
2023-01-10,MSFT,134.8313,134.9324,132.5129,132.8866,132.8866,27364423
2023-01-11,MSFT,132.8866,136.977,132.5063,136.6582,136.6582,33704019
2023-01-12,MSFT,136.6582,139.0029,136.376,138.4691,138.4691,26860632
2023-01-13,MSFT,138.4691,138.7727,137.6747,137.9103,137.9103,22081099
2023-01-16,MSFT,137.9103,138.8269,137.0185,137.1187,137.1187,4906985
2023-01-17,MSFT,137.1187,137.4668,132.5876,133.2306,133.2306,8624182
2023-01-18,MSFT,133.2306,138.5539,132.8718,138.2835,138.2835,18070260
2023-01-19,MSFT,138.2835,138.8566,137.7225,138.7162,138.7162,31422321
2023-01-20,MSFT,138.7162,140.0886,137.7114,138.3523,138.3523,34338237
2023-01-23,MSFT,138.3523,139.3392,137.8777,138.2803,138.2803,11830087
2023-01-24,MSFT,138.2803,138.2881,137.3701,137.7004,137.7004,13342288
2023-01-25,MSFT,137.7004,139.8836,136.7048,139.2138,139.2138,41542240
2023-01-26,MSFT,139.2138,140.4293,138.5114,140.4035,140.4035,47723319
2023-01-27,MSFT,140.4035,142.8005,139.8128,141.7694,141.7694,24679861
2023-01-30,MSFT,141.7694,142.322,141.1698,141.1849,141.1849,38471128
2023-01-31,MSFT,141.1849,144.8335,140.3339,143.9703,143.9703,29453205
2023-02-01,MSFT,143.9703,144.3177,141.3003,141.7308,141.7308,8062543
2023-02-02,MSFT,141.7308,142.6696,140.7946,141.1197,141.1197,25434723
2023-02-03,MSFT,141.1197,145.5198,139.3925,145.391,145.391,46091957
2023-02-06,MSFT,145.391,146.3704,144.5837,145.44,145.44,1496740
2023-02-07,MSFT,145.44,145.9105,143.4199,144.3446,144.3446,35478711
2023-02-08,MSFT,144.3446,147.0615,144.3078,146.7957,146.7957,47489847
2023-02-09,MSFT,146.7957,147.37,145.5246,146.6639,146.6639,39656517
2023-02-10,MSFT,146.6639,151.686,146.4917,151.0085,151.0085,8432595
2023-02-13,MSFT,151.0085,154.1897,149.4997,152.8857,152.8857,45836990
2023-02-14,MSFT,152.8857,153.1103,152.4453,152.9446,152.9446,49710433
2023-02-15,MSFT,152.9446,157.125,152.597,156.7849,156.7849,40095393
2023-02-16,MSFT,156.7849,156.912,155.9082,156.0138,156.0138,1274372
2023-02-17,MSFT,156.0138,160.2263,155.9728,160.0345,160.0345,36108320
2023-02-20,MSFT,160.0345,162.8601,158.7346,161.7548,161.7548,22160552
2023-02-21,MSFT,161.7548,162.7142,161.6306,162.2482,162.2482,33309314
2023-02-22,MSFT,162.2482,163.0598,162.1365,163.0123,163.0123,28953666
2023-02-23,MSFT,163.0123,164.3587,162.8147,164.1174,164.1174,41640167
2023-02-24,MSFT,164.1174,171.8186,163.0839,170.7901,170.7901,17288341
2023-02-27,MSFT,170.7901,170.8783,167.584,168.338,168.338,4678788
2023-02-28,MSFT,168.338,169.2187,167.7555,168.7724,168.7724,3466946
2023-03-01,MSFT,168.7724,168.7893,166.8224,168.1544,168.1544,44553472
2023-03-02,MSFT,168.1544,168.7968,165.1226,165.3254,165.3254,4365221
2023-03-03,MSFT,165.3254,168.3754,164.0991,166.8408,166.8408,34663394
2023-03-06,MSFT,166.8408,167.8624,158.4292,159.8869,159.8869,40218474
2023-03-07,MSFT,159.8869,162.6288,159.0483,161.9095,161.9095,31196839
2023-03-08,MSFT,161.9095,162.4724,154.9748,156.3887,156.3887,3689245
2023-03-09,MSFT,156.3887,156.4902,155.193,155.9037,155.9037,27339334
2023-03-10,MSFT,155.9037,158.8712,154.9358,157.729,157.729,36444255
2023-03-13,MSFT,157.729,158.9868,154.3583,154.4103,154.4103,22051825
2023-03-14,MSFT,154.4103,159.7986,153.7941,158.8287,158.8287,19750119
2023-03-15,MSFT,158.8287,160.3314,158.4813,159.1171,159.1171,4616609
2023-03-16,MSFT,159.1171,159.1573,157.6052,158.64,158.64,38370872
2023-03-17,MSFT,158.64,158.9622,158.1922,158.6488,158.6488,7488837
2023-03-20,MSFT,158.6488,159.2441,154.1486,155.3122,155.3122,34658014
2023-03-21,MSFT,155.3122,155.8592,152.912,154.8309,154.8309,6049574
2023-03-22,MSFT,154.8309,155.2036,154.3164,154.4562,154.4562,15087318
2023-03-23,MSFT,154.4562,156.0964,152.6005,153.3074,153.3074,33033443
2023-03-24,MSFT,153.3074,154.048,151.4641,152.5855,152.5855,10335466
2023-03-27,MSFT,152.5855,154.333,152.4305,153.0979,153.0979,14013398
2023-03-28,MSFT,153.0979,153.6559,152.4365,153.6149,153.6149,30992030
2023-03-29,MSFT,153.6149,157.3271,153.1961,155.0129,155.0129,15166841
2023-03-30,MSFT,155.0129,155.159,151.3954,151.7071,151.7071,36327146
2023-03-31,MSFT,151.7071,152.2416,147.4087,147.9735,147.9735,14138059
2023-04-03,MSFT,147.9735,148.6981,145.2985,146.0477,146.0477,1193352
2023-04-04,MSFT,146.0477,146.825,142.6191,142.737,142.737,42600908
2023-04-05,MSFT,142.737,142.8417,138.6532,139.0799,139.0799,32966626
2023-04-06,MSFT,139.0799,139.4267,136.2312,136.2919,136.2919,39458022
2023-04-07,MSFT,136.2919,139.5592,136.0557,138.0392,138.0392,21977560
2023-04-10,MSFT,138.0392,142.4104,137.7701,141.3924,141.3924,2109801
2023-04-11,MSFT,141.3924,141.6065,139.6631,140.0439,140.0439,2798897
2023-04-12,MSFT,140.0439,140.5743,136.8726,138.3482,138.3482,7366760
2023-04-13,MSFT,138.3482,139.2784,135.0319,135.5582,135.5582,13864421
2023-04-14,MSFT,135.5582,136.1525,135.0754,135.4368,135.4368,38705964
2023-04-17,MSFT,135.4368,135.9328,134.8443,135.1152,135.1152,3163112
2023-04-18,MSFT,135.1152,136.4591,132.6251,132.6891,132.6891,21679705
2023-04-19,MSFT,132.6891,134.357,132.3329,133.9254,133.9254,25417867
2023-04-20,MSFT,133.9254,134.082,131.0864,131.8122,131.8122,46296696
2023-04-21,MSFT,131.8122,131.9146,129.7664,130.091,130.091,2538189
2023-04-24,MSFT,130.091,133.5325,129.6721,133.2968,133.2968,18000617
2023-04-25,MSFT,133.2968,133.9388,130.2815,130.9914,130.9914,35085267
2023-04-26,MSFT,130.9914,131.5124,128.1877,128.3739,128.3739,28750524
2023-04-27,MSFT,128.3739,129.6932,122.8296,123.3813,123.3813,25977709
2023-04-28,MSFT,123.3813,128.1002,122.8801,127.1786,127.1786,47998195
2023-05-01,MSFT,127.1786,128.5736,126.4963,127.8695,127.8695,25006844
2023-05-02,MSFT,127.8695,128.3665,124.7914,125.2369,125.2369,5173486
2023-05-03,MSFT,125.2369,125.3739,123.1497,123.9488,123.9488,42070184
2023-05-04,MSFT,123.9488,124.2703,123.0395,123.3259,123.3259,25729416
2023-05-05,MSFT,123.3259,125.6867,122.7102,125.1592,125.1592,5467307
2023-05-08,MSFT,125.1592,125.3624,124.6334,125.0765,125.0765,23726593
2023-05-09,MSFT,125.0765,128.5426,124.9673,128.3453,128.3453,22040224
2023-05-10,MSFT,128.3453,129.915,127.0063,127.8404,127.8404,35958303
2023-05-11,MSFT,127.8404,127.9774,127.2229,127.3158,127.3158,13021089
2023-05-12,MSFT,127.3158,127.5951,125.0619,125.9766,125.9766,10052093
2023-05-15,MSFT,125.9766,126.2809,123.5743,123.8448,123.8448,4656851
2023-05-16,MSFT,123.8448,128.1962,123.26,127.5573,127.5573,41145075
2023-05-17,MSFT,127.5573,128.4832,126.513,127.0095,127.0095,2265032
2023-05-18,MSFT,127.0095,128.7677,126.8756,127.945,127.945,35114376
2023-05-19,MSFT,127.945,128.8434,127.0045,128.2713,128.2713,14152639
2023-05-22,MSFT,128.2713,129.7009,127.5924,129.6876,129.6876,14171598
2023-05-23,MSFT,129.6876,130.6263,128.3384,129.4221,129.4221,17390782
2023-05-24,MSFT,129.4221,131.3884,129.3943,130.112,130.112,6552378
2023-05-25,MSFT,130.112,130.4468,128.7936,129.2313,129.2313,40004803
2023-05-26,MSFT,129.2313,130.063,124.8353,125.2371,125.2371,17594553
2023-05-29,MSFT,125.2371,125.365,121.9357,123.0204,123.0204,36403912
2023-05-30,MSFT,123.0204,127.9378,122.8024,126.8841,126.8841,16874561
2023-05-31,MSFT,126.8841,128.9497,126.4802,128.7651,128.7651,42451501
2023-06-01,MSFT,128.7651,129.213,127.7258,128.9053,128.9053,44154679
2023-06-02,MSFT,128.9053,131.9366,128.8623,130.2005,130.2005,24948284
2023-06-05,MSFT,130.2005,135.1593,128.998,134.269,134.269,19363747
2023-06-06,MSFT,134.269,135.4177,131.6881,131.8491,131.8491,10030066
2023-06-07,MSFT,131.8491,131.8716,128.6315,130.3306,130.3306,42406517
2023-06-08,MSFT,130.3306,130.9532,129.0655,130.4018,130.4018,37567416
2023-06-09,MSFT,130.4018,131.0602,128.7153,129.6563,129.6563,49788208
2023-06-12,MSFT,129.6563,130.8971,129.5071,129.7846,129.7846,45374039
2023-06-13,MSFT,129.7846,130.3394,128.5921,129.4505,129.4505,25615852
2023-06-14,MSFT,129.4505,130.6283,129.1556,130.4842,130.4842,25247579
2023-06-15,MSFT,130.4842,131.0377,129.8515,130.2123,130.2123,44297948
2023-06-16,MSFT,130.2123,130.6998,128.1992,128.2868,128.2868,25494201
2023-06-19,MSFT,128.2868,131.7001,128.1937,131.1549,131.1549,46077799
2023-06-20,MSFT,131.1549,132.2242,130.1067,131.0309,131.0309,26482512
2023-06-21,MSFT,131.0309,131.7032,129.1066,129.509,129.509,6978107
2023-06-22,MSFT,129.509,129.914,128.4876,129.2717,129.2717,35400698
2023-06-23,MSFT,129.2717,131.3358,128.7798,131.199,131.199,18748119
2023-06-26,MSFT,131.199,131.633,130.5895,131.1825,131.1825,15508308
2023-06-27,MSFT,131.1825,132.1566,129.613,129.818,129.818,22176910
2023-06-28,MSFT,129.818,131.3111,129.6247,131.2955,131.2955,37902350
2023-06-29,MSFT,131.2955,131.8822,130.8014,131.2363,131.2363,21525117
2023-06-30,MSFT,131.2363,131.824,131.1708,131.2566,131.2566,7695946
2023-07-03,MSFT,131.2566,134.9224,131.1006,134.8169,134.8169,23716732
2023-07-04,MSFT,134.8169,135.5157,131.8036,132.1543,132.1543,8620117
2023-07-05,MSFT,132.1543,134.4281,131.834,134.4059,134.4059,8441387
2023-07-06,MSFT,134.4059,138.3964,133.8326,137.5332,137.5332,10539403
2023-07-07,MSFT,137.5332,138.7804,136.3469,136.5115,136.5115,20368454
2023-07-10,MSFT,136.5115,138.6774,136.1214,137.9824,137.9824,38169155
2023-07-11,MSFT,137.9824,139.0779,137.1819,138.4366,138.4366,6855683
2023-07-12,MSFT,138.4366,139.1174,135.7393,136.1225,136.1225,44023434
2023-07-13,MSFT,136.1225,137.3174,135.6812,137.0967,137.0967,45755440
2023-07-14,MSFT,137.0967,137.3906,133.9758,134.738,134.738,2103423
2023-07-17,MSFT,134.738,134.8746,134.3267,134.578,134.578,16515050
2023-07-18,MSFT,134.578,137.7656,134.4954,135.6616,135.6616,6345408
2023-07-19,MSFT,135.6616,136.166,134.3052,135.4192,135.4192,12995410
2023-07-20,MSFT,135.4192,135.8007,129.3554,131.0405,131.0405,29175737
2023-07-21,MSFT,131.0405,133.0276,130.8559,132.264,132.264,13233871
2023-07-24,MSFT,132.264,135.3537,132.2149,134.7099,134.7099,34814729
2023-07-25,MSFT,134.7099,135.0779,131.9885,132.9766,132.9766,22538279
2023-07-26,MSFT,132.9766,133.738,130.6271,131.8612,131.8612,14403916
2023-07-27,MSFT,131.8612,131.935,128.7521,129.3862,129.3862,46132157
2023-07-28,MSFT,129.3862,132.9095,129.2323,132.4343,132.4343,12023444
2023-07-31,MSFT,132.4343,133.0904,128.9233,130.2897,130.2897,39366899
2023-08-01,MSFT,130.2897,131.1137,128.6755,129.6132,129.6132,43445854
2023-08-02,MSFT,129.6132,131.5133,129.5625,130.715,130.715,13748587
2023-08-03,MSFT,130.715,135.4747,130.6745,134.1676,134.1676,21757787
2023-08-04,MSFT,134.1676,134.7848,132.446,133.0962,133.0962,1211919
2023-08-07,MSFT,133.0962,133.1645,132.2585,132.5919,132.5919,48726693
2023-08-08,MSFT,132.5919,134.8558,132.5113,133.1485,133.1485,33073039
2023-08-09,MSFT,133.1485,135.3383,132.1903,135.1763,135.1763,33574959
2023-08-10,MSFT,135.1763,135.6786,133.9707,135.5103,135.5103,9995630
2023-08-11,MSFT,135.5103,135.7673,130.8813,131.7789,131.7789,19330444
2023-08-14,MSFT,131.7789,134.2811,131.618,134.2608,134.2608,10746753
2023-08-15,MSFT,134.2608,136.0591,133.5993,135.514,135.514,2995929
2023-08-16,MSFT,135.514,138.1741,135.3548,137.9295,137.9295,39220543
2023-08-17,MSFT,137.9295,138.2122,137.3662,137.948,137.948,9789149
2023-08-18,MSFT,137.948,142.6443,136.8748,142.2321,142.2321,17681447
2023-08-21,MSFT,142.2321,144.4825,141.4165,143.9541,143.9541,15894052
2023-08-22,MSFT,143.9541,144.7283,140.8266,142.1389,142.1389,14288415
2023-08-23,MSFT,142.1389,142.5851,141.8927,142.2129,142.2129,2293396
2023-08-24,MSFT,142.2129,146.5961,141.543,145.8637,145.8637,25564636
2023-08-25,MSFT,145.8637,148.7911,145.5352,147.2302,147.2302,22985649
2023-08-28,MSFT,147.2302,147.9963,147.1247,147.509,147.509,10090621
2023-08-29,MSFT,147.509,149.2656,147.4666,149.0246,149.0246,13087411
2023-08-30,MSFT,149.0246,149.6913,147.6129,148.152,148.152,3108247
2023-08-31,MSFT,148.152,150.838,147.0516,149.2896,149.2896,36359455
2023-09-01,MSFT,149.2896,149.6902,145.6116,145.9191,145.9191,7804330
2023-09-04,MSFT,145.9191,146.2002,142.8489,142.8561,142.8561,19668244
2023-09-05,MSFT,142.8561,147.1442,142.0218,146.9582,146.9582,6353911
2023-09-06,MSFT,146.9582,147.4884,143.908,144.6921,144.6921,6788185
2023-09-07,MSFT,144.6921,144.7095,141.629,142.6141,142.6141,37879866
2023-09-08,MSFT,142.6141,144.7186,142.4366,144.4045,144.4045,45018772
2023-09-11,MSFT,144.4045,144.8726,140.7094,141.9573,141.9573,47023227
2023-09-12,MSFT,141.9573,142.1807,138.7062,139.823,139.823,38123104
2023-09-13,MSFT,139.823,140.774,137.5979,137.696,137.696,17839821
2023-09-14,MSFT,137.696,137.7207,137.0584,137.499,137.499,24471904
2023-09-15,MSFT,137.499,137.6399,131.9545,131.9869,131.9869,37477928
2023-09-18,MSFT,131.9869,134.6557,131.1671,133.8967,133.8967,34955785
2023-09-19,MSFT,133.8967,134.5023,133.2385,133.3699,133.3699,27959879
2023-09-20,MSFT,133.3699,136.6801,133.2328,136.4477,136.4477,1853827
2023-09-21,MSFT,136.4477,139.0467,135.9131,138.291,138.291,6380855
2023-09-22,MSFT,138.291,139.6706,137.4342,139.5537,139.5537,11834610
2023-09-25,MSFT,139.5537,139.5769,138.1638,139.3634,139.3634,9909049
2023-09-26,MSFT,139.3634,139.6794,138.3269,139.3463,139.3463,49279500
2023-09-27,MSFT,139.3463,141.2418,139.122,141.0193,141.0193,17637754
2023-09-28,MSFT,141.0193,141.4878,140.8825,140.9734,140.9734,14393643
2023-09-29,MSFT,140.9734,141.8003,140.3363,141.5347,141.5347,19153840
2023-10-02,MSFT,141.5347,143.7921,140.9998,143.5938,143.5938,10877886
2023-10-03,MSFT,143.5938,144.65,143.1108,143.7617,143.7617,23126991
2023-10-04,MSFT,143.7617,150.4428,143.2505,149.3545,149.3545,13882789
2023-10-05,MSFT,149.3545,150.0354,148.605,149.9127,149.9127,30112383
2023-10-06,MSFT,149.9127,149.9485,146.393,147.9506,147.9506,11098601
2023-10-09,MSFT,147.9506,148.1338,146.5846,146.7426,146.7426,9457773
2023-10-10,MSFT,146.7426,148.0075,145.5076,145.9909,145.9909,16257754
2023-10-11,MSFT,145.9909,146.0408,144.7434,144.7639,144.7639,7527939
2023-10-12,MSFT,144.7639,145.4954,142.7934,143.0938,143.0938,30389203
2023-10-13,MSFT,143.0938,143.1246,140.6611,140.7441,140.7441,41446194
2023-10-16,MSFT,140.7441,141.3549,140.3408,140.6581,140.6581,42629677
2023-10-17,MSFT,140.6581,146.272,139.6391,145.3627,145.3627,1542450
2023-10-18,MSFT,145.3627,147.1357,144.655,147.0158,147.0158,19007908
2023-10-19,MSFT,147.0158,147.095,145.3104,145.7825,145.7825,49814642
2023-10-20,MSFT,145.7825,146.2833,144.0586,144.357,144.357,44693388
2023-10-23,MSFT,144.357,145.7482,143.0104,144.0588,144.0588,11911859
2023-10-24,MSFT,144.0588,144.3573,141.9952,142.1508,142.1508,18328372
2023-10-25,MSFT,142.1508,144.5264,141.7184,143.756,143.756,28339696
2023-10-26,MSFT,143.756,145.0008,143.0951,144.2081,144.2081,2238260
2023-10-27,MSFT,144.2081,148.6812,143.9987,146.9576,146.9576,14692558
2023-10-30,MSFT,146.9576,147.8046,145.1342,146.2835,146.2835,24529281
2023-10-31,MSFT,146.2835,150.2549,145.4488,149.38,149.38,48982280
2023-11-01,MSFT,149.38,149.6176,147.6951,148.855,148.855,22052365
2023-11-02,MSFT,148.855,151.1645,148.5324,150.372,150.372,8709882
2023-11-03,MSFT,150.372,150.3949,149.0143,150.2827,150.2827,31643312
2023-11-06,MSFT,150.2827,150.2869,147.3215,148.1255,148.1255,37254836
2023-11-07,MSFT,148.1255,148.2189,147.0664,147.5516,147.5516,4462411
2023-11-08,MSFT,147.5516,149.1178,147.2172,148.9418,148.9418,7336153
2023-11-09,MSFT,148.9418,148.9474,147.2787,148.5715,148.5715,33601459
2023-11-10,MSFT,148.5715,149.5086,147.1303,147.5664,147.5664,40502207
2023-11-13,MSFT,147.5664,150.9154,147.2924,150.1563,150.1563,45909443
2023-11-14,MSFT,150.1563,151.0964,147.463,148.568,148.568,30245063
2023-11-15,MSFT,148.568,148.9084,145.9538,146.0094,146.0094,48026345
2023-11-16,MSFT,146.0094,147.1796,141.8071,142.1551,142.1551,5648239
2023-11-17,MSFT,142.1551,142.4727,137.8873,137.9992,137.9992,22402618
2023-11-20,MSFT,137.9992,138.2515,137.1243,137.7058,137.7058,14278190
2023-11-21,MSFT,137.7058,138.7423,137.6798,138.2949,138.2949,14917597
2023-11-22,MSFT,138.2949,142.417,137.4551,141.8593,141.8593,21269353
2023-11-23,MSFT,141.8593,142.2311,140.3945,140.56,140.56,40476864
2023-11-24,MSFT,140.56,141.4497,137.8232,138.4346,138.4346,32501527
2023-11-27,MSFT,138.4346,138.8788,137.6463,137.7999,137.7999,44766446
2023-11-28,MSFT,137.7999,137.9003,134.982,135.0212,135.0212,23769634
2023-11-29,MSFT,135.0212,136.7125,133.3335,136.2843,136.2843,25592582
2023-11-30,MSFT,136.2843,136.3278,135.0132,136.1595,136.1595,36422423
2023-12-01,MSFT,136.1595,137.4057,136.1374,137.3497,137.3497,5659127
2023-12-04,MSFT,137.3497,137.446,135.3925,136.1339,136.1339,23198279
2023-12-05,MSFT,136.1339,139.3042,135.6523,139.0313,139.0313,8020755
2023-12-06,MSFT,139.0313,140.2698,138.6598,140.0942,140.0942,31958275
2023-12-07,MSFT,140.0942,140.3316,138.471,138.7193,138.7193,16583999
2023-12-08,MSFT,138.7193,138.7732,135.8161,135.9392,135.9392,33535697
2023-12-11,MSFT,135.9392,136.0743,134.7774,135.2834,135.2834,34362792
2023-12-12,MSFT,135.2834,136.5691,134.8998,136.405,136.405,21793899
2023-12-13,MSFT,136.405,136.8095,134.2559,134.2691,134.2691,20495765
2023-12-14,MSFT,134.2691,135.1116,133.154,134.4625,134.4625,10420746
2023-12-15,MSFT,134.4625,136.4381,133.8998,136.1152,136.1152,16708535
2023-12-18,MSFT,136.1152,137.9206,135.8409,136.9789,136.9789,25004501
2023-12-19,MSFT,136.9789,137.7129,135.3001,136.536,136.536,5436675
2023-12-20,MSFT,136.536,143.4569,136.4695,141.5416,141.5416,37489867
2023-12-21,MSFT,141.5416,141.729,139.7223,140.0152,140.0152,13797929
2023-12-22,MSFT,140.0152,140.6529,139.6585,139.7788,139.7788,3739855
2023-12-25,MSFT,139.7788,141.6918,138.6283,140.8581,140.8581,7872549
2023-12-26,MSFT,140.8581,140.9549,139.2233,139.5008,139.5008,17623305
2023-12-27,MSFT,139.5008,141.8944,139.0963,140.6477,140.6477,41876862
2023-12-28,MSFT,140.6477,140.9282,137.5428,137.7276,137.7276,19175860
2023-12-29,MSFT,137.7276,138.2918,133.4414,134.1702,134.1702,30345878
2024-01-01,MSFT,134.1702,138.0054,133.8757,137.8343,137.8343,11536062
2024-01-02,MSFT,137.8343,138.2641,134.9502,135.2872,135.2872,15902611
2024-01-03,MSFT,135.2872,135.6023,134.4811,134.7001,134.7001,18371120
2024-01-04,MSFT,134.7001,137.1553,133.5315,136.6189,136.6189,16653728
2024-01-05,MSFT,136.6189,140.6406,136.6182,139.9294,139.9294,22457275
2024-01-08,MSFT,139.9294,140.1698,138.3439,138.9005,138.9005,48571511
2024-01-09,MSFT,138.9005,141.6671,138.7725,141.3809,141.3809,6327134
2024-01-10,MSFT,141.3809,142.0819,138.9215,139.7224,139.7224,44453509
2024-01-11,MSFT,139.7224,141.5861,139.69,140.2455,140.2455,21854049
2024-01-12,MSFT,140.2455,144.2393,139.8352,143.4347,143.4347,38127250
2024-01-15,MSFT,143.4347,146.0975,142.6386,144.4241,144.4241,11290237
2024-01-16,MSFT,144.4241,145.7465,142.7183,143.9614,143.9614,21080086
2024-01-17,MSFT,143.9614,144.1997,142.7598,143.7443,143.7443,18642603
2024-01-18,MSFT,143.7443,145.5191,142.4613,145.0289,145.0289,41777664
2024-01-19,MSFT,145.0289,145.7568,142.7534,143.7369,143.7369,40614021
2024-01-22,MSFT,143.7369,147.4848,142.6731,146.9132,146.9132,4500207
2024-01-23,MSFT,146.9132,147.2989,146.3945,146.6364,146.6364,37736834
2024-01-24,MSFT,146.6364,147.1208,145.9501,145.9614,145.9614,9071467
2024-01-25,MSFT,145.9614,147.5915,145.3788,147.4853,147.4853,39759053
2024-01-26,MSFT,147.4853,148.8599,147.1248,148.8123,148.8123,6296766
2024-01-29,MSFT,148.8123,150.1033,144.9834,146.1133,146.1133,16139507
2024-01-30,MSFT,146.1133,148.3374,145.8939,148.0503,148.0503,3252431
2024-01-31,MSFT,148.0503,148.5185,145.8859,147.2645,147.2645,35630680
2024-02-01,MSFT,147.2645,148.5666,146.1303,147.1592,147.1592,25868263
2024-02-02,MSFT,147.1592,151.7534,146.9649,151.7309,151.7309,27879047
2024-02-05,MSFT,151.7309,152.552,148.4991,149.0731,149.0731,42008511
2024-02-06,MSFT,149.0731,150.2336,145.4678,146.3126,146.3126,44627542
2024-02-07,MSFT,146.3126,147.157,145.1202,146.2433,146.2433,14008105
2024-02-08,MSFT,146.2433,147.5318,143.3544,143.8189,143.8189,15122210
2024-02-09,MSFT,143.8189,144.2668,140.1572,140.6808,140.6808,22411926
2024-02-12,MSFT,140.6808,141.9429,140.635,141.4314,141.4314,20403636
2024-02-13,MSFT,141.4314,145.7601,141.1596,145.5066,145.5066,44665332
2024-02-14,MSFT,145.5066,149.1794,144.7423,148.8243,148.8243,18716926
2024-02-15,MSFT,148.8243,149.2794,148.051,148.5494,148.5494,38101116
2024-02-16,MSFT,148.5494,151.5553,147.9715,150.9824,150.9824,39515779
2024-02-19,MSFT,150.9824,151.2463,149.7519,150.0987,150.0987,49202103
2024-02-20,MSFT,150.0987,150.2845,147.6464,147.679,147.679,31830698
2024-02-21,MSFT,147.679,147.7197,146.3843,146.4825,146.4825,38396054
2024-02-22,MSFT,146.4825,147.219,144.4848,146.1996,146.1996,45440805
2024-02-23,MSFT,146.1996,148.725,145.3428,148.5222,148.5222,26392852
2024-02-26,MSFT,148.5222,148.8187,141.8397,142.8241,142.8241,37360437
2024-02-27,MSFT,142.8241,142.971,141.6623,142.3172,142.3172,41956042
2024-02-28,MSFT,142.3172,143.1806,142.0699,143.1703,143.1703,40766964
2024-02-29,MSFT,143.1703,144.1605,141.9806,142.0541,142.0541,20402742
2024-03-01,MSFT,142.0541,142.5817,140.3281,140.3699,140.3699,36189332
2024-03-04,MSFT,140.3699,140.8137,139.4709,139.6799,139.6799,26028750
2024-03-05,MSFT,139.6799,140.5685,132.4428,133.2625,133.2625,49348886
2024-03-06,MSFT,133.2625,137.0472,132.4012,137.0352,137.0352,49199285
2024-03-07,MSFT,137.0352,137.7488,135.9057,137.0587,137.0587,45084944
2024-03-08,MSFT,137.0587,142.0016,137.0513,141.6629,141.6629,9804072
2024-03-11,MSFT,141.6629,145.0042,141.458,144.9489,144.9489,6032025
2024-03-12,MSFT,144.9489,146.4227,144.8425,145.9951,145.9951,5848737
2024-03-13,MSFT,145.9951,148.4532,145.1492,148.3758,148.3758,48135902
2024-03-14,MSFT,148.3758,148.4768,147.0314,147.9281,147.9281,17229811
2024-03-15,MSFT,147.9281,148.2879,145.9839,145.9847,145.9847,11839848
2024-03-18,MSFT,145.9847,147.4977,145.8162,146.2501,146.2501,47285125
2024-03-19,MSFT,146.2501,146.4145,145.3021,145.4202,145.4202,29617075
2024-03-20,MSFT,145.4202,146.1694,145.119,145.1454,145.1454,7152894
2024-03-21,MSFT,145.1454,145.4172,141.8699,142.8568,142.8568,40700282
2024-03-22,MSFT,142.8568,144.9409,142.2495,144.874,144.874,30988840
2024-03-25,MSFT,144.874,145.7459,143.3087,144.0531,144.0531,15875542
2023-01-03,GOOGL,141.4902,142.4505,138.7158,139.2261,139.2261,38197499
2023-01-04,GOOGL,139.2261,139.7549,136.7743,137.4796,137.4796,40643268
2023-01-05,GOOGL,137.4796,137.5969,135.8795,137.5605,137.5605,11433828
2023-01-06,GOOGL,137.5605,138.0317,134.8795,136.3371,136.3371,14306703
2023-01-09,GOOGL,136.3371,136.9114,132.8469,133.0044,133.0044,45633881
2023-01-10,GOOGL,133.0044,133.8717,131.4115,132.3405,132.3405,34131375
2023-01-11,GOOGL,132.3405,132.473,128.8392,129.5165,129.5165,40586119
2023-01-12,GOOGL,129.5165,130.3899,127.467,127.6138,127.6138,13549697
2023-01-13,GOOGL,127.6138,127.7447,125.2806,126.1647,126.1647,8751212
2023-01-16,GOOGL,126.1647,126.5033,125.2556,126.3833,126.3833,17536521
2023-01-17,GOOGL,126.3833,126.842,125.2095,125.5534,125.5534,30206010
2023-01-18,GOOGL,125.5534,126.0749,124.1138,125.3821,125.3821,44922622
2023-01-19,GOOGL,125.3821,125.6077,124.2424,124.3271,124.3271,15295615
2023-01-20,GOOGL,124.3271,128.4598,123.4677,127.9739,127.9739,47820865
2023-01-23,GOOGL,127.9739,130.5525,126.7896,129.4458,129.4458,22308229
2023-01-24,GOOGL,129.4458,130.9516,129.4191,130.8174,130.8174,15925221
2023-01-25,GOOGL,130.8174,131.2238,129.6857,130.1545,130.1545,28751867
2023-01-26,GOOGL,130.1545,131.2758,125.418,125.5564,125.5564,7662500
2023-01-27,GOOGL,125.5564,127.3359,125.3679,126.4145,126.4145,20636701
2023-01-30,GOOGL,126.4145,127.9298,123.3855,124.0598,124.0598,5649177
2023-01-31,GOOGL,124.0598,125.3359,123.3349,124.4492,124.4492,11280524
2023-02-01,GOOGL,124.4492,128.3321,124.1004,127.1452,127.1452,28365577
2023-02-02,GOOGL,127.1452,129.422,126.1389,128.1601,128.1601,43326578
2023-02-03,GOOGL,128.1601,128.4466,126.3081,127.0846,127.0846,47771718
2023-02-06,GOOGL,127.0846,127.341,124.3156,125.0109,125.0109,2036748
2023-02-07,GOOGL,125.0109,125.7691,123.4411,123.7677,123.7677,46654009
2023-02-08,GOOGL,123.7677,124.5653,123.7465,124.3928,124.3928,13762677
2023-02-09,GOOGL,124.3928,126.6085,123.7433,126.4125,126.4125,27721486
2023-02-10,GOOGL,126.4125,126.8546,125.4892,126.5568,126.5568,49050842
2023-02-13,GOOGL,126.5568,126.6883,124.7151,125.1915,125.1915,46194324
2023-02-14,GOOGL,125.1915,127.5346,124.2027,126.5192,126.5192,2860981
2023-02-15,GOOGL,126.5192,127.4394,125.8031,126.1859,126.1859,20736959
2023-02-16,GOOGL,126.1859,126.434,125.3316,125.4268,125.4268,34894208
2023-02-17,GOOGL,125.4268,128.5202,124.9206,128.2072,128.2072,28139261
2023-02-20,GOOGL,128.2072,128.4686,127.4285,128.389,128.389,39384433
2023-02-21,GOOGL,128.389,129.8939,127.4315,129.8667,129.8667,34935123
2023-02-22,GOOGL,129.8667,132.5118,129.6964,132.3814,132.3814,3318886
2023-02-23,GOOGL,132.3814,133.4936,131.9713,132.0231,132.0231,2985824
2023-02-24,GOOGL,132.0231,132.3265,130.4239,131.2198,131.2198,27544650
2023-02-27,GOOGL,131.2198,131.9402,128.7679,129.6057,129.6057,40948019
2023-02-28,GOOGL,129.6057,130.5999,128.211,129.8531,129.8531,22639271
2023-03-01,GOOGL,129.8531,129.9447,128.6561,129.0247,129.0247,10708902
2023-03-02,GOOGL,129.0247,130.6087,128.3813,130.4301,130.4301,42797312
2023-03-03,GOOGL,130.4301,134.2248,129.1488,133.8751,133.8751,10401126
2023-03-06,GOOGL,133.8751,136.9097,132.1273,135.6846,135.6846,29689890
2023-03-07,GOOGL,135.6846,138.747,134.9647,138.7284,138.7284,39315318
2023-03-08,GOOGL,138.7284,139.1625,137.122,137.2958,137.2958,23684563
2023-03-09,GOOGL,137.2958,138.8459,135.8102,138.1992,138.1992,35475775
2023-03-10,GOOGL,138.1992,138.4829,137.8675,138.0218,138.0218,48664771
2023-03-13,GOOGL,138.0218,138.0555,136.4535,137.2642,137.2642,30446610
2023-03-14,GOOGL,137.2642,137.6687,132.3512,132.5725,132.5725,16481620
2023-03-15,GOOGL,132.5725,134.0595,131.8837,133.2418,133.2418,22966840
2023-03-16,GOOGL,133.2418,133.8252,132.3946,132.9717,132.9717,11268731
2023-03-17,GOOGL,132.9717,133.3941,131.0381,131.5893,131.5893,2097867
2023-03-20,GOOGL,131.5893,132.2776,130.3983,131.5061,131.5061,14065200
2023-03-21,GOOGL,131.5061,131.7234,129.6191,130.4276,130.4276,43141165
2023-03-22,GOOGL,130.4276,130.457,127.7576,127.8668,127.8668,18471259
2023-03-23,GOOGL,127.8668,131.1092,127.5025,130.2435,130.2435,33180976
2023-03-24,GOOGL,130.2435,132.382,130.154,132.2587,132.2587,8188471
2023-03-27,GOOGL,132.2587,133.3299,131.8875,132.9428,132.9428,46691523
2023-03-28,GOOGL,132.9428,133.601,130.2204,130.9846,130.9846,11024301
2023-03-29,GOOGL,130.9846,131.0597,127.9245,128.0489,128.0489,14087472
2023-03-30,GOOGL,128.0489,128.2795,124.9636,125.8504,125.8504,31327682
2023-03-31,GOOGL,125.8504,127.2019,125.6293,126.1637,126.1637,45484625
2023-04-03,GOOGL,126.1637,126.4895,125.81,126.0568,126.0568,40266965
2023-04-04,GOOGL,126.0568,126.396,124.5875,124.5992,124.5992,23169922
2023-04-05,GOOGL,124.5992,124.9949,124.3355,124.8758,124.8758,7050610
2023-04-06,GOOGL,124.8758,130.0724,124.5274,129.5731,129.5731,20722849
2023-04-07,GOOGL,129.5731,136.2612,128.679,135.975,135.975,33698868
2023-04-10,GOOGL,135.975,136.5931,133.9774,134.1189,134.1189,17023965
2023-04-11,GOOGL,134.1189,135.198,132.8568,133.2341,133.2341,9166478
2023-04-12,GOOGL,133.2341,134.4013,132.8268,134.1033,134.1033,48434274
2023-04-13,GOOGL,134.1033,136.6277,132.8953,136.5357,136.5357,15018688
2023-04-14,GOOGL,136.5357,137.1421,136.442,136.9698,136.9698,33240479
2023-04-17,GOOGL,136.9698,137.0315,134.2505,134.3991,134.3991,7291409
2023-04-18,GOOGL,134.3991,135.0942,133.8792,135.0799,135.0799,27794026
2023-04-19,GOOGL,135.0799,136.5375,134.1564,136.4234,136.4234,37020231
2023-04-20,GOOGL,136.4234,136.4786,135.8999,136.1331,136.1331,24359978
2023-04-21,GOOGL,136.1331,137.1841,134.1992,135.1358,135.1358,6726386
2023-04-24,GOOGL,135.1358,135.5541,134.8681,134.9178,134.9178,24959046
2023-04-25,GOOGL,134.9178,135.1459,134.2361,134.5329,134.5329,36421717
2023-04-26,GOOGL,134.5329,135.3518,134.1164,134.945,134.945,38734534
2023-04-27,GOOGL,134.945,137.0005,134.5587,136.3824,136.3824,22522822
2023-04-28,GOOGL,136.3824,137.075,133.5391,134.1893,134.1893,45777723
2023-05-01,GOOGL,134.1893,135.0316,132.4037,132.7825,132.7825,33313202
2023-05-02,GOOGL,132.7825,133.3355,130.2132,130.7668,130.7668,8148767
2023-05-03,GOOGL,130.7668,132.5716,130.7187,132.2162,132.2162,31866241
2023-05-04,GOOGL,132.2162,133.069,130.1005,130.6,130.6,47304844
2023-05-05,GOOGL,130.6,130.626,129.0478,129.2418,129.2418,25458630
2023-05-08,GOOGL,129.2418,129.8554,128.6262,129.5862,129.5862,11987483
2023-05-09,GOOGL,129.5862,130.5994,126.4757,126.7111,126.7111,23319293
2023-05-10,GOOGL,126.7111,127.1233,125.0064,125.0474,125.0474,20105787
2023-05-11,GOOGL,125.0474,126.2448,124.5553,126.1295,126.1295,40644143
2023-05-12,GOOGL,126.1295,126.4697,123.1607,123.7406,123.7406,1670253
2023-05-15,GOOGL,123.7406,125.6572,123.0832,125.4449,125.4449,36627875
2023-05-16,GOOGL,125.4449,125.6838,123.4429,124.1696,124.1696,5662740
2023-05-17,GOOGL,124.1696,127.3,123.0286,127.2737,127.2737,11255652
2023-05-18,GOOGL,127.2737,129.9808,127.0063,129.3714,129.3714,5729657
2023-05-19,GOOGL,129.3714,130.0969,124.5359,124.8271,124.8271,34869903
2023-05-22,GOOGL,124.8271,126.1959,124.5142,125.6266,125.6266,49639937
2023-05-23,GOOGL,125.6266,125.9244,123.2028,123.8007,123.8007,32297472
2023-05-24,GOOGL,123.8007,124.18,122.7642,123.9902,123.9902,7576075
2023-05-25,GOOGL,123.9902,124.8529,122.0137,122.6523,122.6523,20022563
2023-05-26,GOOGL,122.6523,125.535,122.3945,124.8289,124.8289,44122743
2023-05-29,GOOGL,124.8289,126.1333,124.4919,125.8682,125.8682,19065679
2023-05-30,GOOGL,125.8682,126.2559,123.5681,124.7297,124.7297,19101789
2023-05-31,GOOGL,124.7297,125.9679,124.3105,125.6122,125.6122,36935968
2023-06-01,GOOGL,125.6122,127.1224,125.2417,126.4794,126.4794,47835141
2023-06-02,GOOGL,126.4794,130.7463,126.0113,130.581,130.581,9484921
2023-06-05,GOOGL,130.581,130.8731,127.9208,128.7247,128.7247,29049116
2023-06-06,GOOGL,128.7247,129.8131,128.3746,128.8073,128.8073,46767418
2023-06-07,GOOGL,128.8073,132.1819,128.1303,131.7825,131.7825,39283921
2023-06-08,GOOGL,131.7825,135.8682,131.6552,135.2926,135.2926,22893657
2023-06-09,GOOGL,135.2926,135.4754,133.4025,133.5527,133.5527,26547630
2023-06-12,GOOGL,133.5527,133.5854,133.0143,133.0618,133.0618,9271369
2023-06-13,GOOGL,133.0618,133.4311,131.7883,131.8665,131.8665,38672047
2023-06-14,GOOGL,131.8665,132.1559,131.5646,131.778,131.778,10165250
2023-06-15,GOOGL,131.778,131.9624,129.7762,130.3341,130.3341,47406069
2023-06-16,GOOGL,130.3341,133.5318,130.2189,133.5192,133.5192,24027255
2023-06-19,GOOGL,133.5192,134.3305,133.3743,133.4876,133.4876,2178473
2023-06-20,GOOGL,133.4876,133.6728,129.9269,131.6114,131.6114,18749715
2023-06-21,GOOGL,131.6114,135.0599,130.7434,134.5015,134.5015,48258231
2023-06-22,GOOGL,134.5015,137.7632,134.1969,137.3012,137.3012,33881563
2023-06-23,GOOGL,137.3012,139.7081,135.5891,139.663,139.663,35216523
2023-06-26,GOOGL,139.663,141.0407,138.7892,138.8981,138.8981,44367408
2023-06-27,GOOGL,138.8981,143.1616,138.5613,142.4331,142.4331,3898920
2023-06-28,GOOGL,142.4331,143.309,139.7585,140.2262,140.2262,34825082
2023-06-29,GOOGL,140.2262,140.7266,138.9239,140.3363,140.3363,38793104
2023-06-30,GOOGL,140.3363,143.2947,139.9627,143.045,143.045,13610400
2023-07-03,GOOGL,143.045,146.0628,141.5261,145.9863,145.9863,17348116
2023-07-04,GOOGL,145.9863,146.258,145.2314,146.1114,146.1114,32869312
2023-07-05,GOOGL,146.1114,147.0924,144.8323,145.3202,145.3202,19794042
2023-07-06,GOOGL,145.3202,145.6154,143.7581,144.0913,144.0913,14903572
2023-07-07,GOOGL,144.0913,144.1483,143.6856,144.0029,144.0029,6506123
2023-07-10,GOOGL,144.0029,145.981,143.5364,145.0027,145.0027,43930937
2023-07-11,GOOGL,145.0027,147.3311,144.3675,146.3213,146.3213,46057071
2023-07-12,GOOGL,146.3213,146.8523,145.095,145.8714,145.8714,7081289
2023-07-13,GOOGL,145.8714,146.0585,142.8755,142.9251,142.9251,6895315
2023-07-14,GOOGL,142.9251,142.9815,140.9185,141.2249,141.2249,20814502
2023-07-17,GOOGL,141.2249,141.7166,140.7394,140.8825,140.8825,48856847
2023-07-18,GOOGL,140.8825,140.9464,137.0675,137.9196,137.9196,27274366
2023-07-19,GOOGL,137.9196,138.183,135.4627,136.3781,136.3781,45233597
2023-07-20,GOOGL,136.3781,136.7986,135.7592,136.4081,136.4081,21083641
2023-07-21,GOOGL,136.4081,136.5701,135.3529,136.4445,136.4445,28168525
2023-07-24,GOOGL,136.4445,137.066,131.5419,133.4127,133.4127,31549978
2023-07-25,GOOGL,133.4127,133.8013,127.8338,129.6284,129.6284,45380683
2023-07-26,GOOGL,129.6284,130.6236,129.0375,130.0969,130.0969,26196358
2023-07-27,GOOGL,130.0969,133.0536,129.2372,131.8994,131.8994,20817939
2023-07-28,GOOGL,131.8994,132.3955,131.2549,131.448,131.448,1816594
2023-07-31,GOOGL,131.448,131.969,131.0871,131.8706,131.8706,49296149
2023-08-01,GOOGL,131.8706,132.4037,130.917,132.267,132.267,5867507
2023-08-02,GOOGL,132.267,132.3772,130.9207,131.6106,131.6106,33728238
2023-08-03,GOOGL,131.6106,132.4997,129.25,130.1903,130.1903,47485807
2023-08-04,GOOGL,130.1903,131.6135,127.5833,128.2753,128.2753,42383243
2023-08-07,GOOGL,128.2753,128.9683,127.5226,128.4896,128.4896,9218440
2023-08-08,GOOGL,128.4896,128.8268,126.9612,127.6721,127.6721,47437217
2023-08-09,GOOGL,127.6721,128.3674,127.3279,127.4624,127.4624,31629418
2023-08-10,GOOGL,127.4624,129.6348,125.9732,129.6298,129.6298,29271749
2023-08-11,GOOGL,129.6298,130.1246,126.4916,127.4797,127.4797,5354940
2023-08-14,GOOGL,127.4797,129.0684,127.1132,128.1269,128.1269,2515178
2023-08-15,GOOGL,128.1269,128.1605,126.6676,126.8902,126.8902,17816038
2023-08-16,GOOGL,126.8902,129.4023,126.814,128.8873,128.8873,19865018
2023-08-17,GOOGL,128.8873,130.0077,128.3462,129.7481,129.7481,11133522
2023-08-18,GOOGL,129.7481,131.4108,129.5039,131.2833,131.2833,38326318
2023-08-21,GOOGL,131.2833,131.6974,129.2419,130.038,130.038,45323236
2023-08-22,GOOGL,130.038,130.1556,126.5229,128.0426,128.0426,33049423
2023-08-23,GOOGL,128.0426,128.6579,126.8609,126.9403,126.9403,32214336
2023-08-24,GOOGL,126.9403,127.1893,120.9918,121.1968,121.1968,26073406
2023-08-25,GOOGL,121.1968,122.6299,121.0694,122.0427,122.0427,14210061
2023-08-28,GOOGL,122.0427,122.1675,118.8496,119.604,119.604,14002960
2023-08-29,GOOGL,119.604,120.253,115.4116,116.2889,116.2889,26730621
2023-08-30,GOOGL,116.2889,116.972,115.2478,116.6724,116.6724,42685961
2023-08-31,GOOGL,116.6724,119.5956,116.3488,118.3107,118.3107,3204866
2023-09-01,GOOGL,118.3107,118.447,116.8025,117.2283,117.2283,2554140
2023-09-04,GOOGL,117.2283,117.6979,113.5696,113.9964,113.9964,33870522
2023-09-05,GOOGL,113.9964,116.357,113.8249,115.6552,115.6552,41682343
2023-09-06,GOOGL,115.6552,116.4865,115.5782,115.9298,115.9298,2548547
2023-09-07,GOOGL,115.9298,116.1816,114.7614,115.6303,115.6303,21943822
2023-09-08,GOOGL,115.6303,115.8486,110.8149,111.0543,111.0543,19163928
2023-09-11,GOOGL,111.0543,111.8815,109.9265,110.1799,110.1799,39187740
2023-09-12,GOOGL,110.1799,111.2051,109.233,110.8755,110.8755,37858004
2023-09-13,GOOGL,110.8755,111.706,108.937,109.7891,109.7891,38686473
2023-09-14,GOOGL,109.7891,110.7334,108.0782,110.4831,110.4831,47581308
2023-09-15,GOOGL,110.4831,110.5913,107.7969,108.3248,108.3248,20265657
2023-09-18,GOOGL,108.3248,108.5429,107.3656,107.6816,107.6816,8345436
2023-09-19,GOOGL,107.6816,110.4186,107.5602,110.2539,110.2539,17385085
2023-09-20,GOOGL,110.2539,111.7695,110.1019,111.5068,111.5068,2762623
2023-09-21,GOOGL,111.5068,112.1053,111.087,111.7309,111.7309,22584792
2023-09-22,GOOGL,111.7309,112.127,110.8759,112.0036,112.0036,1183536
2023-09-25,GOOGL,112.0036,112.8942,111.6622,112.661,112.661,27531048
2023-09-26,GOOGL,112.661,112.8603,111.0219,111.2959,111.2959,29871109
2023-09-27,GOOGL,111.2959,111.444,109.5106,110.2082,110.2082,42587903
2023-09-28,GOOGL,110.2082,112.5691,109.8548,111.1247,111.1247,42130337
2023-09-29,GOOGL,111.1247,111.8878,111.0176,111.8799,111.8799,18220688
2023-10-02,GOOGL,111.8799,111.8925,110.9574,111.7084,111.7084,7033628
2023-10-03,GOOGL,111.7084,114.0608,111.3358,113.5273,113.5273,19496004
2023-10-04,GOOGL,113.5273,114.1611,110.2319,110.4849,110.4849,16088833
2023-10-05,GOOGL,110.4849,111.1395,107.7972,108.8731,108.8731,34518525
2023-10-06,GOOGL,108.8731,109.497,107.2467,107.3103,107.3103,10861193
2023-10-09,GOOGL,107.3103,108.0084,107.2307,107.2381,107.2381,15438148
2023-10-10,GOOGL,107.2381,107.4501,105.0084,105.4964,105.4964,34382101
2023-10-11,GOOGL,105.4964,105.9456,103.1473,103.151,103.151,27489378
2023-10-12,GOOGL,103.151,103.5361,102.2265,102.3121,102.3121,8701453
2023-10-13,GOOGL,102.3121,105.157,102.2704,105.1479,105.1479,37031260
2023-10-16,GOOGL,105.1479,105.7682,104.2347,104.5089,104.5089,44167973
2023-10-17,GOOGL,104.5089,105.2022,103.0146,103.445,103.445,18354064
2023-10-18,GOOGL,103.445,104.1553,102.6639,103.0493,103.0493,48620118
2023-10-19,GOOGL,103.0493,103.219,102.3653,102.7929,102.7929,2499919
2023-10-20,GOOGL,102.7929,102.9584,101.9258,102.7998,102.7998,1492023
2023-10-23,GOOGL,102.7998,103.3282,101.3887,102.3325,102.3325,28150373
2023-10-24,GOOGL,102.3325,102.579,101.2585,101.7469,101.7469,22184963
2023-10-25,GOOGL,101.7469,104.8341,101.5382,104.4881,104.4881,13400142
2023-10-26,GOOGL,104.4881,105.0494,104.0391,104.8637,104.8637,8769031
2023-10-27,GOOGL,104.8637,105.1026,102.9333,103.5681,103.5681,48390675
2023-10-30,GOOGL,103.5681,104.2798,100.0771,100.1473,100.1473,13529679
2023-10-31,GOOGL,100.1473,100.9131,95.6286,95.6381,95.6381,36219278
2023-11-01,GOOGL,95.6381,95.9408,95.281,95.5435,95.5435,34113098
2023-11-02,GOOGL,95.5435,95.5596,94.8419,94.9515,94.9515,6246458
2023-11-03,GOOGL,94.9515,95.3795,93.536,93.8275,93.8275,34471523
2023-11-06,GOOGL,93.8275,94.3318,93.0024,93.0641,93.0641,42148301
2023-11-07,GOOGL,93.0641,93.4951,91.108,92.0946,92.0946,37307413
2023-11-08,GOOGL,92.0946,94.285,91.8158,93.7991,93.7991,42237841
2023-11-09,GOOGL,93.7991,94.4383,93.703,93.8366,93.8366,45490192
2023-11-10,GOOGL,93.8366,94.1884,93.1356,93.2695,93.2695,10029229
2023-11-13,GOOGL,93.2695,94.0703,92.4,94.0141,94.0141,23585265
2023-11-14,GOOGL,94.0141,94.1288,91.6402,91.8714,91.8714,27555365
2023-11-15,GOOGL,91.8714,92.5881,91.758,92.225,92.225,23289276
2023-11-16,GOOGL,92.225,92.5671,90.2796,90.6504,90.6504,2441070
2023-11-17,GOOGL,90.6504,92.2203,90.1158,91.9406,91.9406,14058584
2023-11-20,GOOGL,91.9406,93.0791,91.8377,92.8419,92.8419,35600406
2023-11-21,GOOGL,92.8419,92.982,89.4293,89.4701,89.4701,39442187
2023-11-22,GOOGL,89.4701,92.3607,89.218,91.827,91.827,33138220
2023-11-23,GOOGL,91.827,92.0858,90.1135,90.5806,90.5806,40027402
2023-11-24,GOOGL,90.5806,90.9081,89.1099,89.6284,89.6284,47313110
2023-11-27,GOOGL,89.6284,91.8968,89.5809,91.3846,91.3846,8797046
2023-11-28,GOOGL,91.3846,91.4626,89.3474,89.5935,89.5935,18746510
2023-11-29,GOOGL,89.5935,89.7374,86.1143,86.8168,86.8168,36273202
2023-11-30,GOOGL,86.8168,89.0447,86.3461,88.7567,88.7567,44357532
2023-12-01,GOOGL,88.7567,88.8138,87.9462,88.367,88.367,47171119
2023-12-04,GOOGL,88.367,90.8059,87.8905,90.3643,90.3643,29220044
2023-12-05,GOOGL,90.3643,90.3759,89.5204,89.7726,89.7726,39920375
2023-12-06,GOOGL,89.7726,91.4638,89.5753,90.5374,90.5374,15506632
2023-12-07,GOOGL,90.5374,90.6401,86.8126,87.185,87.185,38896656
2023-12-08,GOOGL,87.185,87.6948,85.1926,85.4869,85.4869,12213478
2023-12-11,GOOGL,85.4869,86.5967,85.4813,85.7257,85.7257,37129968
2023-12-12,GOOGL,85.7257,85.9509,85.2663,85.3618,85.3618,46703028
2023-12-13,GOOGL,85.3618,86.1881,84.6117,84.6682,84.6682,2669622
2023-12-14,GOOGL,84.6682,84.871,83.3389,83.9337,83.9337,3868474
2023-12-15,GOOGL,83.9337,84.1662,83.2799,83.8858,83.8858,35639608
2023-12-18,GOOGL,83.8858,84.4014,83.5839,83.8104,83.8104,7953693
2023-12-19,GOOGL,83.8104,84.2541,83.4682,83.5066,83.5066,29282403
2023-12-20,GOOGL,83.5066,87.1704,83.4796,86.7028,86.7028,42574377
2023-12-21,GOOGL,86.7028,87.2703,86.6205,87.1537,87.1537,13151169
2023-12-22,GOOGL,87.1537,87.64,85.9129,86.8466,86.8466,39216533
2023-12-25,GOOGL,86.8466,87.1058,86.4151,86.56,86.56,8207909
2023-12-26,GOOGL,86.56,87.2307,85.8996,85.9686,85.9686,44912999
2023-12-27,GOOGL,85.9686,86.4722,84.9325,85.4438,85.4438,42458272
2023-12-28,GOOGL,85.4438,86.0601,83.9259,84.2923,84.2923,33640436
2023-12-29,GOOGL,84.2923,85.4156,84.2307,85.0032,85.0032,25213064
2024-01-01,GOOGL,85.0032,85.3687,82.7391,83.2639,83.2639,24477619
2024-01-02,GOOGL,83.2639,83.8014,83.1069,83.7535,83.7535,40258967
2024-01-03,GOOGL,83.7535,84.162,82.2853,82.5805,82.5805,39007095
2024-01-04,GOOGL,82.5805,83.7161,81.5356,81.801,81.801,28287416
2024-01-05,GOOGL,81.801,82.9478,81.7941,82.3741,82.3741,36265885
2024-01-08,GOOGL,82.3741,83.6688,81.7203,83.6045,83.6045,15554484
2024-01-09,GOOGL,83.6045,83.8859,83.5146,83.5942,83.5942,17220085
2024-01-10,GOOGL,83.5942,85.2227,82.7293,85.039,85.039,39482822
2024-01-11,GOOGL,85.039,85.6348,84.5323,85.3988,85.3988,24868304
2024-01-12,GOOGL,85.3988,85.959,83.3511,83.878,83.878,8050833
2024-01-15,GOOGL,83.878,83.8827,82.5958,83.5931,83.5931,28666915
2024-01-16,GOOGL,83.5931,83.9078,82.9715,83.3541,83.3541,11482484
2024-01-17,GOOGL,83.3541,84.2414,82.7301,84.0751,84.0751,42018415
2024-01-18,GOOGL,84.0751,85.0869,83.5517,84.82,84.82,34382332
2024-01-19,GOOGL,84.82,84.9848,82.3598,82.6666,82.6666,36046408
2024-01-22,GOOGL,82.6666,82.886,82.5698,82.8805,82.8805,37885144
2024-01-23,GOOGL,82.8805,83.3119,81.0938,81.5112,81.5112,35449722
2024-01-24,GOOGL,81.5112,82.0119,81.0509,81.0706,81.0706,5797140
2024-01-25,GOOGL,81.0706,81.4248,80.0903,80.1142,80.1142,32669495
2024-01-26,GOOGL,80.1142,81.4706,80.1045,81.3912,81.3912,22810819
2024-01-29,GOOGL,81.3912,81.681,81.2152,81.3826,81.3826,21234232
2024-01-30,GOOGL,81.3826,82.3487,81.0737,82.0154,82.0154,49250002
2024-01-31,GOOGL,82.0154,83.0885,81.3917,83.0632,83.0632,26401566
2024-02-01,GOOGL,83.0632,83.3191,80.6616,81.2239,81.2239,48944286
2024-02-02,GOOGL,81.2239,81.4764,79.5376,79.5393,79.5393,27398574
2024-02-05,GOOGL,79.5393,79.7768,78.4251,79.0776,79.0776,41114414
2024-02-06,GOOGL,79.0776,79.6004,77.8939,78.2052,78.2052,6154673
2024-02-07,GOOGL,78.2052,80.8089,77.8744,80.5968,80.5968,13962779
2024-02-08,GOOGL,80.5968,82.1186,80.2974,81.9051,81.9051,12028367
2024-02-09,GOOGL,81.9051,83.1941,81.443,82.6114,82.6114,46646178
2024-02-12,GOOGL,82.6114,82.8574,79.3643,79.4684,79.4684,38332524
2024-02-13,GOOGL,79.4684,79.9047,77.267,77.4521,77.4521,13738024
2024-02-14,GOOGL,77.4521,77.4977,76.4473,76.671,76.671,9129441
2024-02-15,GOOGL,76.671,77.0986,76.3299,76.648,76.648,36660008
2024-02-16,GOOGL,76.648,76.783,74.1253,74.7223,74.7223,19175504
2024-02-19,GOOGL,74.7223,75.4524,73.2065,73.8475,73.8475,19437359
2024-02-20,GOOGL,73.8475,74.4522,72.9231,73.2521,73.2521,39141747
2024-02-21,GOOGL,73.2521,74.7229,73.0539,74.4499,74.4499,35227204
2024-02-22,GOOGL,74.4499,75.057,74.1638,74.835,74.835,40592767
2024-02-23,GOOGL,74.835,75.7096,74.7599,75.4284,75.4284,13662012
2024-02-26,GOOGL,75.4284,75.9735,75.0415,75.267,75.267,15639961
2024-02-27,GOOGL,75.267,75.7478,74.266,74.8,74.8,13705308
2024-02-28,GOOGL,74.8,76.6531,74.6812,76.6446,76.6446,7773242
2024-02-29,GOOGL,76.6446,76.6981,74.603,74.728,74.728,41491551
2024-03-01,GOOGL,74.728,75.5608,73.9088,75.486,75.486,16511896
2024-03-04,GOOGL,75.486,78.2346,74.9474,77.8095,77.8095,48708054
2024-03-05,GOOGL,77.8095,77.8805,76.4795,76.7193,76.7193,10634832
2024-03-06,GOOGL,76.7193,78.5813,76.5425,78.5516,78.5516,12393119
2024-03-07,GOOGL,78.5516,78.8103,77.6187,78.2363,78.2363,8841467
2024-03-08,GOOGL,78.2363,80.5116,77.9374,80.2662,80.2662,20250098
2024-03-11,GOOGL,80.2662,81.2871,80.1804,80.8551,80.8551,34580793
2024-03-12,GOOGL,80.8551,80.9998,79.7619,79.8203,79.8203,31649755
2024-03-13,GOOGL,79.8203,79.8477,79.6975,79.7334,79.7334,11963146
2024-03-14,GOOGL,79.7334,80.1579,78.6742,79.9006,79.9006,2663037
2024-03-15,GOOGL,79.9006,80.1342,78.0138,78.2115,78.2115,49173319
2024-03-18,GOOGL,78.2115,78.3781,76.5676,76.6628,76.6628,42652681
2024-03-19,GOOGL,76.6628,77.5227,76.1967,77.0464,77.0464,47054047
2024-03-20,GOOGL,77.0464,77.9908,77.0082,77.2706,77.2706,10932464
2024-03-21,GOOGL,77.2706,77.3426,75.707,76.3503,76.3503,36126063
2024-03-22,GOOGL,76.3503,76.407,73.951,74.4073,74.4073,20490316
2024-03-25,GOOGL,74.4073,74.8369,73.2431,73.4591,73.4591,41822489
